{"cameraMode":{"drawMode":0,"name":"Shaded","section":"Shading Mode"},"sceneLighting":true,"audioPlay":false,"sceneViewState":{"showFog":true,"showMaterialUpdate":true,"showSkybox":true,"showFlares":true,"showImageEffects":true,"showParticleSystems":true},"in2DMode":false,"pivot":{"x":1375.4111328125,"y":610.3448486328125,"z":252.9203643798828},"rotation":{"x":0.048488080501556399,"y":-0.674318790435791,"z":0.044424064457416537,"w":0.7355327606201172},"size":13.242928504943848,"orthographic":false}