{"cameraMode":{"drawMode":0,"name":"Shaded","section":"Shading Mode"},"sceneLighting":false,"audioPlay":false,"sceneViewState":{"showFog":true,"showMaterialUpdate":true,"showSkybox":false,"showFlares":true,"showImageEffects":true,"showParticleSystems":true},"in2DMode":false,"pivot":{"x":1403.5850830078125,"y":583.900390625,"z":132.00294494628907},"rotation":{"x":-0.13995566964149476,"y":-0.7105833292007446,"z":0.14757554233074189,"w":-0.6736194491386414},"size":1.424392580986023,"orthographic":false}