{"cameraMode":{"drawMode":0,"name":"Shaded","section":"Shading Mode"},"sceneLighting":false,"audioPlay":false,"sceneViewState":{"showFog":true,"showMaterialUpdate":true,"showSkybox":false,"showFlares":true,"showImageEffects":true,"showParticleSystems":true},"in2DMode":false,"pivot":{"x":0.06163936108350754,"y":-0.21931636333465577,"z":0.47975921630859377},"rotation":{"x":-0.2546009123325348,"y":-0.02339904196560383,"z":0.006275733467191458,"w":-0.9668017625808716},"size":1.207395076751709,"orthographic":false}