{"cameraMode":{"drawMode":0,"name":"Shaded","section":"Shading Mode"},"sceneLighting":false,"audioPlay":false,"sceneViewState":{"showFog":true,"showMaterialUpdate":true,"showSkybox":false,"showFlares":true,"showImageEffects":true,"showParticleSystems":true},"in2DMode":false,"pivot":{"x":0.3993467092514038,"y":0.24597978591918946,"z":-0.5175183415412903},"rotation":{"x":-0.46024417877197268,"y":0.3066290318965912,"z":-0.17303232848644257,"w":-0.8150699734687805},"size":0.8049752116203308,"orthographic":false}