{"cameraMode":{"drawMode":0,"name":"Shaded","section":"Shading Mode"},"sceneLighting":false,"audioPlay":false,"sceneViewState":{"showFog":true,"showMaterialUpdate":true,"showSkybox":false,"showFlares":true,"showImageEffects":true,"showParticleSystems":true},"in2DMode":false,"pivot":{"x":1415.228759765625,"y":682.0452880859375,"z":205.80239868164063},"rotation":{"x":-0.40550366044044497,"y":0.4447648525238037,"z":-0.23629595339298249,"w":-0.7629073858261108},"size":0.5049790143966675,"orthographic":false}