{"cameraMode":{"drawMode":0,"name":"Shaded","section":"Shading Mode"},"sceneLighting":false,"audioPlay":false,"sceneViewState":{"showFog":true,"showMaterialUpdate":false,"showSkybox":true,"showFlares":true,"showImageEffects":true,"showParticleSystems":true},"in2DMode":false,"pivot":{"x":-0.0888218879699707,"y":0.02856910228729248,"z":-0.4629875421524048},"rotation":{"x":-0.14632855355739594,"y":0.652538001537323,"z":-0.13045141100883485,"w":-0.7319594621658325},"size":5.165169715881348,"orthographic":false}