{"cameraMode":{"drawMode":0,"name":"Shaded","section":"Shading Mode"},"sceneLighting":false,"audioPlay":false,"sceneViewState":{"showFog":true,"showMaterialUpdate":false,"showSkybox":true,"showFlares":true,"showImageEffects":true,"showParticleSystems":true},"in2DMode":false,"pivot":{"x":5.960464477539063e-8,"y":-1.0110000371932984,"z":-0.04500007629394531},"rotation":{"x":0.41888028383255007,"y":-0.1621566116809845,"z":0.0763045996427536,"w":0.8901810050010681},"size":2.2863171100616457,"orthographic":false}