{"cameraMode":{"drawMode":0,"name":"Shaded","section":"Shading Mode"},"sceneLighting":true,"audioPlay":false,"sceneViewState":{"showFog":true,"showMaterialUpdate":true,"showSkybox":true,"showFlares":true,"showImageEffects":true,"showParticleSystems":true},"in2DMode":false,"pivot":{"x":1371.76513671875,"y":601.8319091796875,"z":255.6424102783203},"rotation":{"x":0.44944900274276736,"y":0.5466272830963135,"z":-0.453528493642807,"w":0.541888952255249},"size":0.6462439298629761,"orthographic":false}