{"cameraMode":{"drawMode":0,"name":"Shaded","section":"Shading Mode"},"sceneLighting":false,"audioPlay":false,"sceneViewState":{"showFog":true,"showMaterialUpdate":false,"showSkybox":true,"showFlares":true,"showImageEffects":true,"showParticleSystems":true},"in2DMode":false,"pivot":{"x":0.5989044308662415,"y":-0.5446884632110596,"z":0.5844617486000061},"rotation":{"x":0.3397013247013092,"y":-0.0326140820980072,"z":0.011788267642259598,"w":0.939893901348114},"size":8.285606384277344,"orthographic":false}