{"cameraMode":{"drawMode":0,"name":"Shaded","section":"Shading Mode"},"sceneLighting":false,"audioPlay":false,"sceneViewState":{"showFog":true,"showMaterialUpdate":false,"showSkybox":true,"showFlares":true,"showImageEffects":true,"showParticleSystems":true},"in2DMode":false,"pivot":{"x":351.5966796875,"y":-352.72320556640627,"z":-1603.505126953125},"rotation":{"x":0.04504026472568512,"y":0.5209482312202454,"z":-0.027540216222405435,"w":0.8519541621208191},"size":2989.777587890625,"orthographic":false}