{"cameraMode":{"drawMode":0,"name":"Shaded","section":"Shading Mode"},"sceneLighting":false,"audioPlay":false,"sceneViewState":{"showFog":true,"showMaterialUpdate":false,"showSkybox":true,"showFlares":true,"showImageEffects":true,"showParticleSystems":true},"in2DMode":false,"pivot":{"x":3.0038137435913088,"y":1.7881417274475098,"z":4.596541881561279},"rotation":{"x":0.30841559171676638,"y":0.6358640789985657,"z":-0.30786174535751345,"w":0.6370069980621338},"size":7.19338321685791,"orthographic":false}