{"cameraMode":{"drawMode":0,"name":"Shaded","section":"Shading Mode"},"sceneLighting":true,"audioPlay":false,"sceneViewState":{"showFog":true,"showMaterialUpdate":true,"showSkybox":true,"showFlares":true,"showImageEffects":true,"showParticleSystems":true},"in2DMode":false,"pivot":{"x":1374.3212890625,"y":581.3461303710938,"z":251.64805603027345},"rotation":{"x":0.48876455426216128,"y":0.5109484791755676,"z":-0.48788562417030337,"w":0.5118740797042847},"size":17.518199920654298,"orthographic":false}